Name,Sex,Date of Birth,Height,Weight,Address,City,State,ZIP,Passed,Timestamp
JOHN ADAMJUSKO,,1998-12-07,6 feet 2 inches,190,333 PORTLAND ST,PITTSBURGH,PA,15206,No,Sat 10 Apr 2021 21:58:47 GMT
JOHN ADAMJUSKO,,1998-12-07,6 feet 2 inches,190,333 PORTLAND ST,PITTSBURGH,PA,15206,No,Sat 10 Apr 2021 20:20:28 GMT
JOHN ADAMJUSKO,,1998-12-07,6 feet 2 inches,190,333 PORTLAND ST,PITTSBURGH,PA,15206,No,Sat 10 Apr 2021 18:10:55 GMT
CHRISTOPHER MARTIN,M,1999-01-22,6 feet 1 inches,,75 SCOVILLE RD,AVON,CT,06001-3022,No,Fri 09 Apr 2021 22:10:34 GMT
JOHN ADAMJUSKO,,1998-12-07,6 feet 2 inches,190,333 PORTLAND ST,PITTSBURGH,PA,15206,No,Fri 09 Apr 2021 22:10:19 GMT
JOHN ADAMJUSKO,,1998-12-07,6 feet 2 inches,190,333 PORTLAND ST,PITTSBURGH,PA,15206,No,Fri 09 Apr 2021 21:57:07 GMT
JANE JUSKO,F,2003-08-15,0 feet 64 inches,124,13930 LAKE AVE,LAKEWOOD,OH,44107-0000,No,Fri 09 Apr 2021 05:30:17 GMT
CHRISTOPHER MARTIN,M,1999-01-22,6 feet 1 inches,,75 SCOVILLE RD,AVON,CT,06001-3022,No,Wed 07 Apr 2021 20:39:46 GMT
JOHN ADAMJUSKO,,1998-12-07,6 feet 2 inches,190,333 PORTLAND ST,PITTSBURGH,PA,15206,No,Wed 07 Apr 2021 20:39:33 GMT
JOHN ADAMJUSKO,,1998-12-07,6 feet 2 inches,190,333 PORTLAND ST,PITTSBURGH,PA,15206,No,Wed 07 Apr 2021 20:39:19 GMT
JANE JUSKO,F,2003-08-15,0 feet 64 inches,124,13930 LAKE AVE,LAKEWOOD,OH,44107-0000,No,Wed 07 Apr 2021 20:39:11 GMT
FAKE DRANK,M,1999-01-01,0 feet 72 inches,,1234 FYD RD,FAKEID,CT,12345--1234,No,Wed 07 Apr 2021 20:29:19 GMT
JANE JUSKO,F,2003-08-15,0 feet 64 inches,124,13930 LAKE AVE,LAKEWOOD,OH,44107-0000,No,Mon 05 Apr 2021 21:46:54 GMT
JANE JUSKO,F,2003-08-15,0 feet 64 inches,124,13930 LAKE AVE,LAKEWOOD,OH,44107-0000,No,Mon 05 Apr 2021 21:46:18 GMT
JANE JUSKO,F,2003-08-15,0 feet 64 inches,124,13930 LAKE AVE,LAKEWOOD,OH,44107-0000,No,Mon 05 Apr 2021 21:46:07 GMT
JANE JUSKO,F,2003-08-15,0 feet 64 inches,124,13930 LAKE AVE,LAKEWOOD,OH,44107-0000,No,Mon 05 Apr 2021 21:36:20 GMT
JANE JUSKO,F,2003-08-15,0 feet 64 inches,124,13930 LAKE AVE,LAKEWOOD,OH,44107-0000,No,Mon 05 Apr 2021 21:36:10 GMT
JANE JUSKO,F,2003-08-15,0 feet 64 inches,124,13930 LAKE AVE,LAKEWOOD,OH,44107-0000,No,Mon 05 Apr 2021 21:34:53 GMT
JANE JUSKO,F,2003-08-15,0 feet 64 inches,124,13930 LAKE AVE,LAKEWOOD,OH,44107-0000,No,Mon 05 Apr 2021 21:34:46 GMT
