Name,Sex,Date of Birth,Height,Weight,Address,City,State,ZIP,Passed,Timestamp
ETHAN SCHLESINGER,M,2000-04-19,0 feet 67 inches,,1615 PROSPECT AVE,SCRANTON,PA,18505-0000,Yes,Fri 30 Apr 2021 21:49:53 GMT
CHRISTOPHER MARTIN,M,1999-01-22,6 feet 1 inches,,75 SCOVILLE RD,AVON,CT,06001-3022,No,Tue 20 Apr 2021 22:03:53 GMT
JOHN ADAMJUSKO,,1998-12-07,6 feet 2 inches,190,333 PORTLAND BLVD,PORTLAND,TN,37148,No,Tue 20 Apr 2021 22:02:54 GMT
JOHN ADAMJUSKO,,1998-12-07,6 feet 2 inches,190,333 PORTLAND ST,PITTSBURGH,PA,15206,No,Tue 20 Apr 2021 22:02:44 GMT
JOHN ADAMJUSKO,,1998-12-07,6 feet 2 inches,190,333 PORTLAND BLVD,PORTLAND,TN,37148,No,Tue 20 Apr 2021 21:56:44 GMT
JOHN ADAMJUSKO,,1998-12-07,6 feet 2 inches,190,333 PORTLAND ST,PITTSBURGH,PA,15206,No,Tue 20 Apr 2021 21:55:41 GMT
JANE JUSKO,F,2003-08-15,0 feet 64 inches,124,13930 LAKE AVE,LAKEWOOD,OH,44107-0000,No,Tue 20 Apr 2021 03:43:39 GMT
JOHN ADAMJUSKO,,1998-12-07,6 feet 2 inches,190,333 PORTLAND BLVD,PORTLAND,TN,37148,No,Tue 20 Apr 2021 03:43:02 GMT
JOHN ADAMJUSKO,,1998-12-07,6 feet 2 inches,190,333 PORTLAND BLVD,PORTLAND,TN,37148,No,Tue 20 Apr 2021 03:39:32 GMT
JOHN ADAMJUSKO,,1998-12-07,6 feet 2 inches,190,333 PORTLAND BLVD,PORTLAND,TN,37148,No,Tue 20 Apr 2021 02:15:54 GMT
JOHN ADAMJUSKO,,1998-12-07,6 feet 2 inches,190,333 PORTLAND BLVD,PORTLAND,TN,37148,No,Tue 20 Apr 2021 02:15:16 GMT
JANE JUSKO,F,2003-08-15,0 feet 64 inches,124,13930 LAKE AVE,LAKEWOOD,OH,44107-0000,No,Tue 20 Apr 2021 02:15:03 GMT
JOHN ADAMJUSKO,,1998-12-07,6 feet 2 inches,190,333 PORTLAND BLVD,PORTLAND,TN,37148,No,Tue 20 Apr 2021 02:02:11 GMT
JOHN ADAMJUSKO,,1998-12-07,6 feet 2 inches,190,333 PORTLAND BLVD,PORTLAND,TN,37148,No,Tue 20 Apr 2021 01:59:13 GMT
JOHN ADAMJUSKO,,1998-12-07,6 feet 2 inches,190,333 PORTLAND ST,PITTSBURGH,PA,15206,No,Fri 16 Apr 2021 20:59:11 GMT
